rating;rating_count;age;year;review_count;pages_count;price;name;author;link;text_reviews
5.0;1;0;2009;0;225 стр.;250.0;Языки Basic;В. К. Алиев;https://www.litres.ru/book/valeriy-aliev/yazyki-basic-8333055/;[]
0.0;0;0;2006;0;16 стр.;168.0;Проектирование программного обеспечения с использованием стандартов UML 2.0 и SysML 1.0;С. С. Девятов;https://www.litres.ru/book/s-s-devyatov/proektirovanie-programmnogo-obespecheniya-s-ispolzovaniem-sta-5616293/;[]
2.0;1;0;2019;1;175 стр.;449.0;Обработка текстовой и графической информации;М. Ф. Гарифуллин;https://www.litres.ru/book/m-f-garifullin/obrabotka-tekstovoy-i-graficheskoy-informacii-45276389/;['Устаревшее наполнение. Старый диалект Fortranа в 21 веке и сокращения, вроде, ЭВМ режут глаз. ', 'Не очень понятно зачем издательство Техносфера издало эту книгу.']
4.0;1;0;2017;0;12 стр.;168.0;Эффективная модель управления объектами в задачах ортогональной упаковки и прямоугольного раскроя;В. А. Чеканин;https://www.litres.ru/book/a-v-chekanin/effektivnaya-model-upravleniya-obektami-v-zadachah-ortogonaln-24869620/;[]
1.5;2;0;2014;1;8 стр.;168.0;Методологические и программно-технологические аспекты внедрения процессного управления в ИТ-компании;А. И. Волков;https://www.litres.ru/book/a-i-volkov/metodologicheskie-i-programmno-tehnologicheskie-aspekty-vnedren-7064406/;['Вряд ли эта брошюра стоит потраченных денег. В ней автор перечисляет на 5 страницах известные подходы к моделированию процессов, не углубляясь особо в каждый из них. Практической пользы мало.']
1.5;2;0;2010;2;10 стр.;168.0;Модели прогнозирования цен акций с применением функций Уолша и марковских цепей;Е. В. Соколов;https://www.litres.ru/book/d-v-borodin/modeli-prognozirovaniya-cen-akciy-s-primeneniem-funkciy-uolsha-5000537/;['К сожалению очень поверхностное исследование – просто обзор применения модели Уолша и марковских цепей в разных областях науки', 'Что же авторы сами то не обогатились на этой модели? Что-нибудь действительно стоящее и зарабатывающее деньги, держится в секрете за семью печатями и становится известным или публикуемым только тогда, когда модель перестаёт работать.']
5.0;1;0;2013;0;178 стр. 215 иллюстраций;320.0;Проектирование литьевой оснастки с использованием программы Solid Edge;С. Ахтямова;https://www.litres.ru/book/v-kurnosov/proektirovanie-litevoy-osnastki-s-ispolzovaniem-programmy-solid-17004998/;[]
3.0;2;0;2015;0;416 стр.;319.0;Архитектура компьютеров;Михаил Буза;https://www.litres.ru/book/mihail-buza/arhitektura-komputerov-19163443/;[]
4.0;1;0;2017;0;62 стр.;149.0;Задачи по программированию в Microsoft Excel;А. В. Замятин;https://www.litres.ru/book/b-s-leschinskiy/zadachi-po-programmirovaniu-v-microsoft-excel-67272173/;[]
0.0;0;0;2016;0;119 стр.;249.0;Введение в интеллектуальный анализ данных;А. В. Замятин;https://www.litres.ru/book/a-v-zamyatin/vvedenie-v-intellektualnyy-analiz-dannyh-67269075/;[]
0.0;0;0;2019;1;289 стр.;249.0;Объектно-ориентированное программирование на С++;И. В. Баженова;https://www.litres.ru/book/elena-kuchunova/obektno-orientirovannoe-programmirovanie-na-s-65781250/;['Книга издана в 2019 году, но, похоже, в ней рассматривается стандарт С++03. Нет ничего про нововведения поздних стандартов: новые виды конструкторов, rvale ссылки, auto, лямбды и т.д.']
0.0;0;0;2017;0;34 стр.;229.0;Метод трансляции на основе Польской Инверсной Записи;А. И. Фомичев;https://www.litres.ru/book/v-a-sibiryakova/metod-translyacii-na-osnove-polskoy-inversnoy-zapisi-67279461/;[]
0.0;0;0;2009;0;6 стр.;96.0;Детерминированный хаос и кодирование информации;А. И. Фомичев;https://www.litres.ru/book/a-fomichev/determinirovannyy-haos-i-kodirovanie-informacii-5005498/;[]
0.0;0;0;2009;0;11 стр.;96.0;Модели оценки стоимости информационных систем в методологиях разработки программного обеспечения;Х. Р. Алиев;https://www.litres.ru/book/m-b-borisov/modeli-ocenki-stoimosti-informacionnyh-sistem-v-metodologiyah-5008137/;[]
4.0;1;0;2010;0;13 стр.;96.0;Генетический подход к проблеме оценки сроков и трудоёмкости разработки программного обеспечения с заданными требованиями к качеству;С. П. Кульдин;https://www.litres.ru/book/s-p-kuldin/geneticheskiy-podhod-k-probleme-ocenki-srokov-i-trudoemkosti-ra-5000527/;[]
0.0;0;0;2012;0;5 стр.;96.0;Модель формирования оптимальной структуры аппарата управления организации;В. Е. Кайман;https://www.litres.ru/book/v-e-kayman/model-formirovaniya-optimalnoy-struktury-apparata-upravleniya-o-4976813/;[]
0.0;0;0;2011;0;5 стр.;96.0;Опыт разработки и тестирования встраиваемой микроядерной операционной системы;И. О. Атовмян;https://www.litres.ru/book/v-a-sartakov/opyt-razrabotki-i-testirovaniya-vstraivaemoy-mikroyadernoy-op-4977171/;[]
0.0;0;0;2021;0;19 стр.;168.0;Разработка кроссплатформенных мобильных приложений – перспективные методы и стандартные практики;Ю. В. Нефедов;https://www.litres.ru/book/a-n-chursin/razrabotka-krossplatformennyh-mobilnyh-prilozheniy-perspektivn-67127184/;[]
0.0;0;0;2021;0;17 стр.;168.0;Сплайн-аппроксимация как основа компьютерной технологии проектирования трасс линейных сооружений;В. И. Струченков;https://www.litres.ru/book/v-struchenkov/splayn-approksimaciya-kak-osnova-komputernoy-tehnologii-proe-67126335/;[]
0.0;0;0;2020;0;18 стр.;168.0;Математические модели, алгоритмы и комплекс программ для анализа и прогнозирования показателей национальной безопасности;Н. В. Яндыбаева;https://www.litres.ru/book/d-v-kondratov/matematicheskie-modeli-algoritmy-i-kompleks-programm-dlya-an-55372813/;[]
1.3;3;0;2020;2;10 стр.;168.0;Разработка интерфейсов прикладных программ: макетирование или прототипирование;О. В. Тиханычев;https://www.litres.ru/book/i-a-bystrakova/razrabotka-interfeysov-prikladnyh-programm-maketirovanie-il-55373731/;['Тема не раскрыта, всего 10 страниц на такую объемную тему. Много общей информации, про разработку интерфейсов по сути ничего не узнала', 'О том, что в этой методичке 10 страниц нужно писать большими буквами в самом начале описания. Тема вообще не раскрыта. Такое чувство, что это введение к какой-то диссертации']
1.0;1;0;2017;0;6 стр.;168.0;Теоретические и методологические принципы разработки новых подходов к моделированию элементов архитектуры предприятия;Л. З. Давлеткиреева;https://www.litres.ru/book/e-v-romanova-2/teoreticheskie-i-metodologicheskie-principy-razrabotki-novy-27108061/;[]
3.7;3;0;2017;0;5 стр.;168.0;Модуль управления командами GNU Linux/UNIX на языке Java;А. В. Юрков;https://www.litres.ru/book/a-v-urkov/modul-upravleniya-komandami-gnu-linux-unix-na-yazyke-java-26118452/;[]
0.0;0;0;2015;0;11 стр.;168.0;Адаптация онтологии Бунге–Ванда–Вебера к описанию исполняемых моделей бизнес-процессов;И. Г. Фёдоров;https://www.litres.ru/book/i-g-fedorov/adaptaciya-ontologii-bunge-vanda-vebera-k-opisaniu-ispolnyaemy-11844101/;[]
2.7;3;0;2009;1;6 стр.;168.0;Использование трёхмерного моделирования при расследовании дорожно-транспортных происшествий;Е. А. Сатюков;https://www.litres.ru/book/e-a-satukov/ispolzovanie-trehmernogo-modelirovaniya-pri-rassledovanii-doro-5019022/;['Ничего интересного и полезного. 6 страниц фигни полной. Эта брощюра должна стоить в разы меньше. Не рекомендую к покупке']
0.0;0;0;2014;0;13 стр.;96.0;Методика проектирования информационных систем для сферы государственных и муниципальных услуг;К. В. Кутикова;https://www.litres.ru/book/k-v-kutikova/metodika-proektirovaniya-informacionnyh-sistem-dlya-sfery-gos-9022825/;[]
0.0;0;0;2014;0;8 стр.;96.0;Тренинговая система дополненной реальности для авиадиспетчеров;А. Л. Горбунов;https://www.litres.ru/book/a-l-gorbunov/treningovaya-sistema-dopolnennoy-realnosti-dlya-aviadispetche-8654196/;[]
0.0;0;0;2007;0;27 стр.;96.0;Моделирование информационных технологий на GPSS;А. А. Емельянов;https://www.litres.ru/book/a-a-emelyanov/modelirovanie-informacionnyh-tehnologiy-na-gpss-5316346/;[]
5.0;1;0;2006;1;5 стр.;96.0;Разработка XML-стандартов: мировой опыт и практика работы в банковском секторе;А. В. Кудинов;https://www.litres.ru/book/a-v-kudinov/razrabotka-xml-standartov-mirovoy-opyt-i-praktika-raboty-v-ban-5551713/;['книга интересная, даже человеку не занимающимся программированием каждый день. особенно интересно для людей, кто, как-то связан по работе ( например: с банковской отчетностью).']
0.0;0;0;2009;0;8 стр.;96.0;Разработка программного комплекса оптимизации управления инвестиционным проектированием;А. Ф. Шориков;https://www.litres.ru/book/a-f-shorikov/razrabotka-programmnogo-kompleksa-optimizacii-upravleniya-inv-5019369/;[]
0.0;0;0;2009;0;11 стр.;96.0;Образовательное значение классификации компьютерных языков;Н. В. Шилов;https://www.litres.ru/book/a-g-marchuk/obrazovatelnoe-znachenie-klassifikacii-komputernyh-yazykov-5005481/;[]
1.0;1;0;2011;0;11 стр.;96.0;Об адекватности систем имитационного моделирования GPSS World и AnyLogic (продолжение);В. Д. Боев;https://www.litres.ru/book/vasiliy-boev/ob-adekvatnosti-sistem-imitacionnogo-modelirovaniya-gpss-worl-4991057/;[]
0.0;0;0;2011;0;11 стр.;96.0;Поиск скрытой периодичности в финансовых временных рядах методом циклического разложения;Е. В. Коротков;https://www.litres.ru/book/v-m-rudenko/poisk-skrytoy-periodichnosti-v-finansovyh-vremennyh-ryadah-met-4991130/;[]
0.0;0;0;2011;0;6 стр.;96.0;Организация эффективных полиморфных алгоритмов в сложных системах управления информацией;А. А. Левков;https://www.litres.ru/book/a-a-levkov/organizaciya-effektivnyh-polimorfnyh-algoritmov-v-slozhnyh-sist-4977183/;[]
0.0;0;0;2012;0;4 стр.;96.0;Plankalkül – первый высокоуровневый язык программирования;И. А. Казакова;https://www.litres.ru/book/i-a-kazakova/plankalkul-pervyy-vysokourovnevyy-yazyk-programmirovaniya-4971036/;[]
5.0;1;0;2012;0;8 стр.;96.0;Оптимизация решения задачи ортогональной упаковки;В. А. Чеканин;https://www.litres.ru/book/a-v-chekanin/optimizaciya-resheniya-zadachi-ortogonalnoy-upakovki-4970865/;[]
4.0;2;0;;1;473 стр. 223 иллюстрации;59.0;Программирование для карманных компьютеров;Владимир Волков;https://www.litres.ru/book/vladimir-volkov/programmirovanie-dlya-karmannyh-komputerov-176381/;['Материал морально устарел.', 'Ищите книги по программированию для iPhone или Android.', 'Я начал с Python для Raspberry Pi – проще понять азы программирования.']
0.0;0;0;2023;0;41 стр.;69.9;Распределенные базы данных. Лабораторный практикум;П. Кулпеппер;https://www.litres.ru/book/e-kovalev-33000151/raspredelennye-bazy-dannyh-laboratornyy-praktikum-70533892/;[]
0.0;0;0;2020;0;94 стр.;399.0;Высокопроизводительные вычисления и облачные технологии;Д. В. Дружинин;https://www.litres.ru/book/d-v-druzhinin/vysokoproizvoditelnye-vychisleniya-i-oblachnye-tehnologii-67267101/;[]
0.0;0;0;2021;0;10 стр.;168.0;Постановка задачи обеспечения автоматизации полного цикла поддержки принятия решения;О. В. Тиханычев;https://www.litres.ru/book/o-v-tihanychev/postanovka-zadachi-obespecheniya-avtomatizacii-polnogo-cikl-67127187/;[]
0.0;0;0;2021;0;15 стр.;168.0;Технология программной имплементации цифрового двойника в контур IoT управления HVAC-системой;А. В. Кычкин;https://www.litres.ru/book/a-v-kychkin/tehnologiya-programmnoy-implementacii-cifrovogo-dvoynika-v-kon-67125372/;[]
0.0;0;0;2021;0;13 стр.;168.0;Задача параметрического программирования с моделями прогнозирования урожайности сельскохозяйственных культур;Я. М. Иваньо;https://www.litres.ru/book/m-n-barsukova/zadacha-parametricheskogo-programmirovaniya-s-modelyami-prog-67127220/;[]
0.0;0;0;2021;0;9 стр.;168.0;Реализация метауправления правами доступа в проекте BlockSet средствами языка BML;А. Ю. Новиков;https://www.litres.ru/book/a-u-novikov/realizaciya-metaupravleniya-pravami-dostupa-v-proekte-blockset-67126368/;[]
0.0;0;0;2019;0;180 стр.;149.0;Параллельные вычислительные системы;О. В. Непомнящий;https://www.litres.ru/book/vladimir-vasilev-30922677/parallelnye-vychislitelnye-sistemy-65762250/;[]
0.0;0;0;2020;0;166 стр.;350.0;Разработка и реализация портальных решений. Практикум;Павел Борисович Лукьянов;https://www.litres.ru/book/pavel-lukyanov/razrabotka-i-realizaciya-portalnyh-resheniy-praktikum-57232186/;[]
0.0;0;0;2020;0;15 стр.;168.0;Программное обеспечение для настройки протоколов верхнего уровня ad-hoc сетей;А. С. Новиков;https://www.litres.ru/book/a-s-novikov/programmnoe-obespechenie-dlya-nastroyki-protokolov-verhnego-ur-57061865/;[]
0.0;0;0;2016;0;189 стр.;400.0;Курс практического программирования в Delphi. Объектно-ориентированное программирование;Е. В. Санников;https://www.litres.ru/book/e-v-sannikov-6922512/kurs-prakticheskogo-programmirovaniya-v-delphi-obektn-54759367/;[]
0.0;0;12;2018;0;7 стр.;168.0;Решение по мультиагентному представлению субъектов в задачах оптимального управления микроэнергосистемой;А. К. Абд Эльрахим;https://www.litres.ru/book/a-k-abd-elrahim/reshenie-po-multiagentnomu-predstavleniu-subektov-v-zadach-30792022/;[]
0.0;0;0;2017;0;12 стр.;168.0;Иерархические структуры и их компьютерная реализация в расчете светодиодных оптических систем;В. В. Байнев;https://www.litres.ru/book/v-v-baynev/ierarhicheskie-struktury-i-ih-komputernaya-realizaciya-v-rasche-27109182/;[]
0.0;0;0;2017;0;16 стр.;168.0;Применение компьютерных систем моделирования транспортного обслуживания в сфере металлоторговли;А. В. Мищенко;https://www.litres.ru/book/a-v-mischenko/primenenie-komputernyh-sistem-modelirovaniya-transportnogo-o-26117998/;[]
0.0;0;0;2017;0;7 стр.;168.0;Об одном программном средстве мультимедийной поддержки учебных курсов по информатике;Е. В. Архангельская;https://www.litres.ru/book/e-v-arhangelskaya/ob-odnom-programmnom-sredstve-multimediynoy-podderzhki-u-26119494/;[]
0.0;0;0;2017;0;11 стр.;168.0;Моделирование устройства имитозащиты контролируемых объектов с новым набором хаотических сигналов;А. А. Гавришев;https://www.litres.ru/book/a-a-gavrishev/modelirovanie-ustroystva-imitozaschity-kontroliruemyh-obekto-26119590/;[]
0.0;0;0;2017;0;10 стр.;168.0;Оценивание стоимости программного продукта при различных исходных данных;Ю. В. Гольчевский;https://www.litres.ru/book/u-v-golchevskiy/ocenivanie-stoimosti-programmnogo-produkta-pri-razlichnyh-24869566/;[]
2.0;1;0;2017;0;10 стр.;168.0;Компьютерный расчет и моделирование светодиодных осветительных систем;В. В. Байнев;https://www.litres.ru/book/v-v-baynev/komputernyy-raschet-i-modelirovanie-svetodiodnyh-osvetitelnyh-s-24869573/;[]
2.0;2;0;2017;0;7 стр.;168.0;Использование теории графов для распознавания образов;А. А. Дунаев;https://www.litres.ru/book/a-a-dunaev/ispolzovanie-teorii-grafov-dlya-raspoznavaniya-obrazov-24869581/;[]
0.0;0;0;2017;0;23 стр.;168.0;Метаграфовый подход для описания гибридных интеллектуальных информационных систем;Коллектив авторов;https://www.litres.ru/book/raznoe-4340152/metagrafovyy-podhod-dlya-opisaniya-gibridnyh-intellektualny-24869589/;[]
5.0;1;0;2017;0;8 стр.;168.0;Особенности применения информационных технологий на стадиях жизненного цикла сложных технических систем;О. А. Страхов;https://www.litres.ru/book/a-f-strahov/osobennosti-primeneniya-informacionnyh-tehnologiy-na-stadiyah-24869597/;[]
0.0;0;0;2017;0;12 стр.;168.0;Реализация автоматной парадигмы вычислений на объектно-атрибутном базисе;С. М. Салибекян;https://www.litres.ru/book/s-m-salibekyan/realizaciya-avtomatnoy-paradigmy-vychisleniy-na-obektno-atr-24342104/;[]
5.0;1;0;2017;0;7 стр.;168.0;Разработка структуры быстродействующего декодера БЧХ-кода (15, 7, 5) на основе метода циклического декодирования;А. Н. Мальчуков;https://www.litres.ru/book/a-n-malchukov/razrabotka-struktury-bystrodeystvuuschego-dekodera-bchh-koda-24349440/;[]
0.0;0;0;2017;0;8 стр.;168.0;Программная реализация моделей оптических систем для проектирования осветительных приборов;В. В. Байнев;https://www.litres.ru/book/v-v-baynev/programmnaya-realizaciya-modeley-opticheskih-sistem-dlya-proekt-24342096/;[]
3.0;2;0;2007;1;353 стр.;158.0;Математическое программирование. Алгоритмический подход;А. А. Черняк;https://www.litres.ru/book/a-chernyak/matematicheskoe-programmirovanie-algoritmicheskiy-podhod-18887787/;['Можно почитать из чисто академического интереса.', 'На практическое применение не стоит рассчитывать.', '', 'Изложение не живое, строгое, сухое.', '', 'Обширный материал, который рассматривает линейное, дискретное, выпуклое, нелинейное и динамическое программирование, транспортные и потоковые задачи, оптимизационные задачи на графах и матроидах, теорию полиноминальной сводимости и NP-полноты. Но в списке литературы всего 11 наименований! Только книги. Ничего кроме книг. Как в пустыне. Десяток сочных кактусов. И больше ничего..Ни кустика, ни травинки.', '', 'Рискнул. Купил. Промахнулся.']
0.0;0;0;2016;0;9 стр.;168.0;Использование технологии табличного моделирования генетических алгоритмов для решения задач оптимизации;Ольга Аникина;https://www.litres.ru/book/o-m-guschina/ispolzovanie-tehnologii-tablichnogo-modelirovaniya-genetiches-19412885/;[]
0.0;0;0;2010;0;289 стр.;350.0;Silverlight 4: создание насыщенных Web-приложений;С. С. Байдачный;https://www.litres.ru/book/sergey-baydachnyy/silverlight-4-sozdanie-nasyschennyh-web-prilozheniy-8341640/;[]
5.0;1;0;2010;0;352 стр.;250.0;Технологии борьбы с компьютерными вирусами. Практическое пособие;С. В. Гошко;https://www.litres.ru/book/stanislav-goshko/tehnologii-borby-s-komputernymi-virusami-prakticheskoe-po-8341532/;[]
0.0;0;0;2010;0;97 стр.;250.0;Информатика. Macromedia Flash MX. Компьютерная графика и анимация;М. Н. Капранова;https://www.litres.ru/book/m-n-kapranova/informatika-macromedia-flash-mx-komputernaya-grafika-i-anima-8341645/;[]
4.3;3;0;2015;0;120 стр.;119.0;Введение в фотореалистическую графику;А. В. Калютов;https://www.litres.ru/book/a-v-kalutov/vvedenie-v-fotorealisticheskuu-grafiku-17072050/;[]
0.0;0;0;2015;0;15 стр.;96.0;Первичная идентификация в технологии информационного поиска (часть 2);А. П. Новиков;https://www.litres.ru/book/a-p-novikov/pervichnaya-identifikaciya-v-tehnologii-informacionnogo-poiska-17086406/;[]
1.0;1;0;2015;0;8 стр.;96.0;Процессно-ориентированное моделирование систем массового обслуживания в Excel;Екатерина Борисовна Грибанова;https://www.litres.ru/book/e-b-gribanova/processno-orientirovannoe-modelirovanie-sistem-massovogo-obs-17085542/;[]
0.0;0;0;2015;0;11 стр.;168.0;Модель защищенной информационной системы интернет-банкинга;М. В. Тумбинская;https://www.litres.ru/book/m-v-tumbinskaya/model-zaschischennoy-informacionnoy-sistemy-internet-banki-12160296/;[]
0.0;0;0;2015;0;12 стр.;96.0;Синхронизация моделей при разработке программного обеспечения;Д. В. Ошкало;https://www.litres.ru/book/d-v-oshkalo/sinhronizaciya-modeley-pri-razrabotke-programmnogo-obespecheni-12160301/;[]
0.0;0;0;2010;0;521 стр.;350.0;.Net Framework 2.0. Секреты создания Windows-приложений;С. С. Байдачный;https://www.litres.ru/book/sergey-baydachnyy/net-framework-2-0-sekrety-sozdaniya-windows-prilozheniy-8337544/;[]
0.0;0;0;2015;0;12 стр.;168.0;Оценка ветроэнергетического потенциала района средствами компьютерного моделирования;В. А. Шакиров;https://www.litres.ru/book/a-u-artemev/ocenka-vetroenergeticheskogo-potenciala-rayona-sredstvami-komp-11868361/;[]
0.0;0;0;2015;0;12 стр.;168.0;Алгоритм оценки параметров линейной множественной модели регрессии по минимаксному критерию;И. Ю. Выгодчикова;https://www.litres.ru/book/i-u-vygodchikova/algoritm-ocenki-parametrov-lineynoy-mnozhestvennoy-modeli-11868389/;[]
0.0;0;0;2015;0;15 стр.;168.0;Первичная идентификация в технологии информационного поиска (часть 1);А. П. Новиков;https://www.litres.ru/book/a-p-novikov/pervichnaya-identifikaciya-v-tehnologii-informacionnogo-poiska-11868420/;[]
0.0;0;0;2015;0;7 стр.;96.0;Сравнительный анализ сайтов поиска оптовых поставщиков по критерию функциональной полноты;Н. В. Орлова;https://www.litres.ru/book/n-v-orlova/sravnitelnyy-analiz-saytov-poiska-optovyh-postavschikov-po-krit-11197766/;[]
4.0;1;0;2015;0;12 стр.;168.0;Этапы, методы и средства конфигурирования информационных систем;А. А. Вичугова;https://www.litres.ru/book/a-a-vichugova/etapy-metody-i-sredstva-konfigurirovaniya-informacionnyh-sis-11279462/;[]
0.0;0;0;2015;0;9 стр.;96.0;Метод последовательного анализа для тестирования человека-оператора;С. Д. Кулик;https://www.litres.ru/book/s-d-kulik/metod-posledovatelnogo-analiza-dlya-testirovaniya-cheloveka-oper-11279471/;[]
0.0;0;0;2015;0;13 стр.;168.0;Оптимизация производственных программ на основе результатов имитационного моделирования;Н. З. Емельянова;https://www.litres.ru/book/a-a-emelyanov-2/optimizaciya-proizvodstvennyh-programm-na-osnove-rezultato-11279473/;[]
0.0;0;0;2010;0;221 стр.;200.0;Создание Windows-приложений в среде Delphi;С. В. Федотова;https://www.litres.ru/book/svetlana-fedotova/sozdanie-windows-prilozheniy-v-srede-delphi-8337246/;[]
0.0;0;0;2015;0;10 стр.;96.0;Методика оценки эффективности информационных систем;А. В. Кравченко;https://www.litres.ru/book/a-v-kravchenko/metodika-ocenki-effektivnosti-informacionnyh-sistem-9450832/;[]
0.0;0;0;2015;0;13 стр.;96.0;Mоделирование эколого-экономической системы региона на основе системы Pilgrim;Е. И. Царегородцев;https://www.litres.ru/book/a-v-baranov/modelirovanie-ekologo-ekonomicheskoy-sistemy-regiona-na-osnove-9464332/;[]
0.0;0;0;2015;0;8 стр.;96.0;Компьютерное моделирование температурных полей технических систем при интервально стохастической неопределенности параметров;А. Г. Мадера;https://www.litres.ru/book/a-g-madera/komputernoe-modelirovanie-temperaturnyh-poley-tehnicheskih-sist-9464564/;[]
3.0;1;0;2014;0;9 стр.;96.0;Автоматизированная разработка динамических Web-узлов средствами декларативного языка программирования;П. П. Кейно;https://www.litres.ru/book/a-v-siluyanov/avtomatizirovannaya-razrabotka-dinamicheskih-web-uzlov-sreds-9031636/;[]
0.0;0;0;2014;0;15 стр.;96.0;Моделирование в жизненном цикле автоматизированных систем управления в кризисных и чрезвычайных ситуациях;Д. А. Разумов;https://www.litres.ru/book/v-d-aleshin/modelirovanie-v-zhiznennom-cikle-avtomatizirovannyh-sistem-upr-9033149/;[]
0.0;0;0;2014;0;21 стр.;96.0;Сетевые технологии в программных системах автоматизации спектрометрии нейтронов;И. М. Саламатин;https://www.litres.ru/book/i-m-salamatin/setevye-tehnologii-v-programmnyh-sistemah-avtomatizacii-spek-8654186/;[]
0.0;0;0;2014;0;9 стр.;96.0;Имитационное моделирование динамической воздушной обстановки в управляемом воздушном пространстве;А. В. Людомир;https://www.litres.ru/book/a-v-ludomir/imitacionnoe-modelirovanie-dinamicheskoy-vozdushnoy-obstanovki-8654201/;[]
0.0;0;0;2014;0;11 стр.;96.0;Когнитивное моделирование в анализе структурного взаимодействия экологических процессов Северного Каспия;А. Ю. Переварюха;https://www.litres.ru/book/a-u-perevaruha/kognitivnoe-modelirovanie-v-analize-strukturnogo-vzaimodeys-8654207/;[]
0.0;0;0;2006;0;264 стр.;118.0;Поддержка принятия решений при проектировании силовых трансмиссий;Н. Н. Гущинский;https://www.litres.ru/book/a-b-dolgiy/podderzhka-prinyatiya-resheniy-pri-proektirovanii-silovyh-trans-7068662/;[]
3.0;1;0;2009;0;133 стр.;78.0;Нейросетевое моделирование в распознавании образов. Философско-методические аспекты;Т. А. Капитонова;https://www.litres.ru/book/t-a-kapitonova/neyrosetevoe-modelirovanie-v-raspoznavanii-obrazov-filosofs-7073797/;[]
0.0;0;0;2014;0;7 стр.;96.0;Определение понятия «информатика» должно базироваться на практической работе с информацией. К 110‑летию В. И. Сифорова;В. П. Мешалкин;https://www.litres.ru/book/v-n-volkova/opredelenie-ponyatiya-informatika-dolzhno-bazirovatsya-na-prak-8349499/;[]
5.0;1;0;2014;0;10 стр.;96.0;Имитационная многоагентная нечетко-логическая модель принятия маркетинговых решений промышленного предприятия в условиях неопределенности;В. П. Мешалкин;https://www.litres.ru/book/v-p-meshalkin/imitacionnaya-mnogoagentnaya-nechetko-logicheskaya-model-pri-8349452/;[]
0.0;0;0;2014;0;9 стр.;96.0;Модель поддержки принятия решения при планировании проекта внедрения КИС на основе нечетких множеств второго порядка;В. Г. Чернов;https://www.litres.ru/book/v-g-chernov/model-podderzhki-prinyatiya-resheniya-pri-planirovanii-proekta-8349459/;[]
0.0;0;0;2014;0;9 стр.;96.0;Алгоритм поиска приближенной композиционной модели Липшиц-ограниченной сюръективной функции;И. С. Калинников;https://www.litres.ru/book/i-s-kalinnikov/algoritm-poiska-priblizhennoy-kompozicionnoy-modeli-lipshic-8350027/;[]
0.0;0;0;2014;0;11 стр.;96.0;Обработка и визуализация пространственных данных на гибридном вычислительном кластере;В. А. Бобков;https://www.litres.ru/book/a-s-cherkashin/obrabotka-i-vizualizaciya-prostranstvennyh-dannyh-na-gibrid-8350074/;[]
0.0;0;0;2014;0;8 стр.;96.0;Некоторые вопросы развития методологии имитационных исследований;В. В. Девятков;https://www.litres.ru/book/v-v-devyatkov/nekotorye-voprosy-razvitiya-metodologii-imitacionnyh-issledo-8350110/;[]
0.0;0;0;2014;0;6 стр.;96.0;Обнаружение скрытых периодичностей методом вейвлет-анализа;Ю. Г. Древс;https://www.litres.ru/book/m-s-sergeev/obnaruzhenie-skrytyh-periodichnostey-metodom-veyvlet-analiza-8350120/;[]
0.0;0;0;2014;0;20 стр.;96.0;Модели и алгоритмы расчета устройств для гашения пульсаций газообразной среды в трубопроводных системах;Е. Р. Мошев;https://www.litres.ru/book/e-r-moshev/modeli-i-algoritmy-rascheta-ustroystv-dlya-gasheniya-pulsaciy-g-7065072/;[]
3.0;1;0;2014;0;6 стр.;96.0;Оптимизация тестирования сложных цифровых устройств;И. О. Атовмян;https://www.litres.ru/book/v-b-shuvalov/optimizaciya-testirovaniya-slozhnyh-cifrovyh-ustroystv-7065077/;[]
0.0;0;0;2014;0;15 стр.;96.0;Выявление принадлежности точек к объектам территорий в имитационных моделях Actor Pilgrim;Н. З. Емельянова;https://www.litres.ru/book/a-a-emelyanov-2/vyyavlenie-prinadlezhnosti-tochek-k-obektam-territoriy-v-i-7065096/;[]
0.0;0;0;2014;0;6 стр.;96.0;Применение системы GPSS World при проектировании и модернизации судосборочных комплексов в составе современных судостроительных верфей;В. В. Девятков;https://www.litres.ru/book/a-v-fedotov/primenenie-sistemy-gpss-world-pri-proektirovanii-i-modernizaci-7065111/;[]
0.0;0;0;2014;0;6 стр.;96.0;Управление бюджетом на основе нечеткой алгебры;Е. Д. Стрельцова;https://www.litres.ru/book/v-s-strelcov/upravlenie-budzhetom-na-osnove-nechetkoy-algebry-7065116/;[]
0.0;0;0;2014;0;26 стр.;96.0;Планирование аналитического исследования при помощи методов анализа качественных данных;В. В. Артюхин;https://www.litres.ru/book/v-v-artuhin/planirovanie-analiticheskogo-issledovaniya-pri-pomoschi-metodo-7065046/;[]
0.0;0;0;2014;0;7 стр.;168.0;Применение процессного подхода к управлению финансовыми ресурсами кредитной организации;А. Г. Михеев;https://www.litres.ru/book/a-g-miheev/primenenie-processnogo-podhoda-k-upravleniu-finansovymi-resursa-7065071/;[]
0.0;0;0;2014;0;9 стр.;168.0;Степень готовности системы управления бизнес-процессами к внедрению информационных технологий (методика оценки);В. Ф. Корнюшко;https://www.litres.ru/book/v-f-kornushko/stepen-gotovnosti-sistemy-upravleniya-biznes-processami-k-vn-7065042/;[]
5.0;1;0;2014;0;11 стр.;96.0;Фасетная многомерность и амбивалентность информатики. К 80‑летию А. В. Соколова;Александр Владимирович Соколов;https://www.litres.ru/book/a-v-sokolov/fasetnaya-mnogomernost-i-ambivalentnost-informatiki-k-80-letiu-6686665/;[]
0.0;0;0;2014;0;7 стр.;168.0;Организация многонаправленности иерархического подъема (спуска) и локация по структуре неоднородных знаний;А. П. Новиков;https://www.litres.ru/book/a-p-novikov/organizaciya-mnogonapravlennosti-ierarhicheskogo-podema-spuska-6686661/;[]
0.0;0;0;2014;0;9 стр.;96.0;Имитационная экспертиза: опыт применения и перспективы;В. В. Девятков;https://www.litres.ru/book/v-v-devyatkov/imitacionnaya-ekspertiza-opyt-primeneniya-i-perspektivy-6671839/;[]
0.0;0;0;2014;0;10 стр.;96.0;Методы и средства концептуального проектирования информационных систем: сравнительный анализ структурного и объектно-ориентированного подходов;А. А. Вичугова;https://www.litres.ru/book/a-a-vichugova/metody-i-sredstva-konceptualnogo-proektirovaniya-informacion-6671146/;[]
0.0;0;0;2013;0;21 стр.;96.0;Нейронечеткий адаптивный маршрутизатор потоков цифровой информации;Л. Г. Комарцова;https://www.litres.ru/book/l-g-komarcova/neyronechetkiy-adaptivnyy-marshrutizator-potokov-cifrovoy-in-6538892/;[]
0.0;0;0;2013;0;14 стр.;96.0;Модели и алгоритмы в системах автоматизированного перевода текста;А. П. Димитриев;https://www.litres.ru/book/a-p-dimitriev/modeli-i-algoritmy-v-sistemah-avtomatizirovannogo-perevoda-t-6538889/;[]
0.0;0;0;2013;0;14 стр.;96.0;Применение нейросетевых ассоциативных машин для обнаружения вторжений в локальную сеть;Л. Г. Комарцова;https://www.litres.ru/book/l-g-komarcova/primenenie-neyrosetevyh-associativnyh-mashin-dlya-obnaruzhen-6320128/;[]
5.0;1;0;2013;0;8 стр.;168.0;Количественное оценивание последствий управленческих решений на основе нейросетевых моделей;Н. А. Валиотти;https://www.litres.ru/book/v-l-abbakumov/kolichestvennoe-ocenivanie-posledstviy-upravlencheskih-reshe-6317558/;[]
0.0;0;0;2013;0;7 стр.;168.0;Информационные модели и автоматизированные процедуры для управления инновациями;В. Н. Волкова;https://www.litres.ru/book/a-v-loginova/informacionnye-modeli-i-avtomatizirovannye-procedury-dlya-upr-6319763/;[]
0.0;0;0;2013;0;7 стр.;96.0;Оценивание инвестиционной привлекательности инновационных проектов на основе нечеткой логики;Е. Д. Стрельцова;https://www.litres.ru/book/a-i-borodin/ocenivanie-investicionnoy-privlekatelnosti-innovacionnyh-proek-6149689/;[]
0.0;0;0;2013;0;6 стр.;96.0;Построение воксельных моделей геометрических объектов;С. Н. Григорьев;https://www.litres.ru/book/a-v-tolok/postroenie-vokselnyh-modeley-geometricheskih-obektov-6149722/;[]
0.0;0;0;2013;0;8 стр.;96.0;Моделирование плохо формализуемых процессов в социотехнических системах;И. М. Ажмухамедов;https://www.litres.ru/book/i-m-azhmuhamedov/modelirovanie-ploho-formalizuemyh-processov-v-sociotehnic-6149785/;[]
0.0;0;12;2013;0;27 стр.;96.0;Технология работ с топографической информацией в имитационных моделях Actor Pilgrim;А. А. Емельянов;https://www.litres.ru/book/a-a-emelyanov/tehnologiya-rabot-s-topograficheskoy-informaciey-v-imitacion-6149755/;[]
0.0;0;0;2013;0;13 стр.;168.0;Пять шагов на пути к эффективной информатизации предприятия;Ю. В. Гольчевский;https://www.litres.ru/book/a-v-maldrik/pyat-shagov-na-puti-k-effektivnoy-informatizacii-predpriyatiya-6087849/;[]
0.0;0;0;2013;0;6 стр.;96.0;Управление проектами наноиндустрии на основе комплексной адаптирующейся модели;О. В. Стоянова;https://www.litres.ru/book/o-v-stoyanova/upravlenie-proektami-nanoindustrii-na-osnove-kompleksnoy-ada-6087852/;[]
0.0;0;0;2013;0;13 стр.;96.0;Параллельный алгоритм оптимального выбора аппаратурного оформления многоассортиментных производств;А. Б. Борисенко;https://www.litres.ru/book/a-b-borisenko/parallelnyy-algoritm-optimalnogo-vybora-apparaturnogo-oforml-6087963/;[]
0.0;0;0;2013;0;9 стр.;96.0;Индивидуализация среды поддержки обучения;А. Ю. Никифоров;https://www.litres.ru/book/a-u-nikiforov/individualizaciya-sredy-podderzhki-obucheniya-6087889/;[]
0.0;0;0;2012;0;18 стр.;96.0;Концепция и возможности акторно-ориентированной системы имитационного моделирования «Actor Pilgrim». Часть I;А. А. Емельянов;https://www.litres.ru/book/a-a-emelyanov/koncepciya-i-vozmozhnosti-aktorno-orientirovannoy-sistemy-im-5000708/;[]
5.0;1;0;2013;0;8 стр.;96.0;Формообразование и анимация 3D-объектов на основе тетрагональной регулярной сети;А. А. Дерягин;https://www.litres.ru/book/a-a-deryagin/formoobrazovanie-i-animaciya-3d-obektov-na-osnove-tetragonaln-5721320/;[]
0.0;0;0;2012;0;5 стр.;96.0;Формирование оптимальной стратегии методами стохастического программирования;В. П. Ковалевский;https://www.litres.ru/book/a-v-ramenskaya/formirovanie-optimalnoy-strategii-metodami-stohasticheskogo-5000704/;[]
0.0;0;0;2013;0;11 стр.;96.0;Структурно-параметрический синтез системы обнаружения киберугроз по результатам мониторинга открытых информационных ресурсов;С. В. Чернышук;https://www.litres.ru/book/a-a-pisarchuk/strukturno-parametricheskiy-sintez-sistemy-obnaruzheniya-kib-5716229/;[]
0.0;0;0;2013;0;14 стр.;96.0;Ситуационная модель выбора маршрута доставки;А. В. Фараонов;https://www.litres.ru/book/a-v-faraonov/situacionnaya-model-vybora-marshruta-dostavki-5721398/;[]
0.0;0;0;2013;0;11 стр.;96.0;Обзор программных комплексов многокритериальной оптимизации;Д. С. Хабарова;https://www.litres.ru/book/d-s-habarova/obzor-programmnyh-kompleksov-mnogokriterialnoy-optimizacii-5721347/;[]
0.0;0;0;2013;0;10 стр.;96.0;Математическое моделирование и расчет характеристик трехмодальных транспортно-терминальных сетей;Ю. И. Палагин;https://www.litres.ru/book/a-v-timonin/matematicheskoe-modelirovanie-i-raschet-harakteristik-trehmoda-5715848/;[]
0.0;0;0;2013;0;7 стр.;96.0;Логико-статистический алгоритм идентификации сквозных пор и его применение для анализа структуры наноматериала;О. Б. Бутусов;https://www.litres.ru/book/a-b-galaev/logiko-statisticheskiy-algoritm-identifikacii-skvoznyh-por-i-eg-5715945/;[]
0.0;0;0;2012;0;5 стр.;96.0;Конфигурирование информационных и транспортных сетей в условиях неопределенности;В. В. Гимаров;https://www.litres.ru/book/v-v-gimarov/konfigurirovanie-informacionnyh-i-transportnyh-setey-v-usloviy-5000692/;[]
0.0;0;0;2012;0;16 стр.;96.0;Вариативные процедуры в алгоритмах оптимизации прикладных комбинаторных задач;А. А. Бабаев;https://www.litres.ru/book/a-a-babaev/variativnye-procedury-v-algoritmah-optimizacii-prikladnyh-kombi-5000687/;[]
0.0;0;0;2013;0;5 стр.;96.0;Усовершенствованный подход к задаче векторизации контуров на изображениях;Д. А. Борисоглебский;https://www.litres.ru/book/d-a-borisoglebskiy/usovershenstvovannyy-podhod-k-zadache-vektorizacii-kont-5721246/;[]
0.0;0;0;2013;0;10 стр.;96.0;Идентификация типа файла на основе структурного анализа;А. Е. Антонов;https://www.litres.ru/book/a-e-antonov/identifikaciya-tipa-fayla-na-osnove-strukturnogo-analiza-5716475/;[]
0.0;0;0;2006;0;23 стр.;96.0;Технология имитационного моделирования в системе Pilgrim;А. А. Емельянов;https://www.litres.ru/book/a-a-emelyanov/tehnologiya-imitacionnogo-modelirovaniya-v-sisteme-pilgrim-5612088/;[]
5.0;1;0;2006;0;5 стр.;96.0;Система управления базами измерительных знаний;И. А. Брусакова;https://www.litres.ru/book/i-a-brusakova/sistema-upravleniya-bazami-izmeritelnyh-znaniy-5616104/;[]
0.0;0;0;2006;0;13 стр.;96.0;Модифицированная HIPO-технология разработки больших программных комплексов;Л. С. Чистяков;https://www.litres.ru/book/l-s-chistyakov/modificirovannaya-hipo-tehnologiya-razrabotki-bolshih-progr-5616317/;[]
4.0;1;0;2007;1;31 стр.;96.0;Симуляторы GPSS World и Actor Pilgrim: экономика и массовое обслуживание;А. А. Емельянов;https://www.litres.ru/book/a-a-emelyanov/simulyatory-gpss-world-i-actor-pilgrim-ekonomika-i-massovoe-5316318/;['Интересная статья, полезная для тех, кому нужно сделать осознанный выбор в пользу одной из двух указанных систем.']
0.0;0;0;2006;0;15 стр.;96.0;Технология создания компьютерных моделей для систем поддержки принятия решений;А. А. Емельянов;https://www.litres.ru/book/a-a-emelyanov/tehnologiya-sozdaniya-komputernyh-modeley-dlya-sistem-podder-5533739/;[]
0.0;0;0;2006;0;7 стр.;96.0;Управление временем при проектировании имитационных моделей;А. А. Шевченко;https://www.litres.ru/book/a-a-shevchenko/upravlenie-vremenem-pri-proektirovanii-imitacionnyh-modeley-5613011/;[]
0.0;0;0;2006;0;10 стр.;96.0;Эффективность параллельной реализации алгоритмов помехоустойчивого кодирования Рида-Соломона;В. В. Мялицын;https://www.litres.ru/book/b-d-shashkov/effektivnost-parallelnoy-realizacii-algoritmov-pomehoustoychi-5613186/;[]
5.0;1;0;2007;1;9 стр.;96.0;Нейро-нечеткий метод построения моделей сложных объектов;О. В. Стоянова;https://www.litres.ru/book/a-v-klimenko/neyro-nechetkiy-metod-postroeniya-modeley-slozhnyh-obektov-5316309/;['Достаточно четко и понятно изложен оригинальный подход к построению гибридной нейро-нечетких моделей исследования и прогнозирования. Весьма полезная авторская разработка – как в практическом, так и теоретическом плане!!']
0.0;0;0;2007;0;5 стр.;168.0;Принципы математического моделирования мотивации к труду;В. Н. Бугорский;https://www.litres.ru/book/v-n-bugorskiy/principy-matematicheskogo-modelirovaniya-motivacii-k-trudu-5316312/;[]
0.0;0;0;2007;0;9 стр.;96.0;Имитационная модель производственного процесса как элемент системы управления промышленным предприятием;Е. П. Бочаров;https://www.litres.ru/book/d-v-ermoshin/imitacionnaya-model-proizvodstvennogo-processa-kak-element-si-5316336/;[]
0.0;0;0;2006;0;6 стр.;96.0;Технология динамического контроллинга в промышленности;О. В. Стоянова;https://www.litres.ru/book/m-i-dli/tehnologiya-dinamicheskogo-kontrollinga-v-promyshlennosti-5515019/;[]
0.0;0;0;2006;0;10 стр.;96.0;Разработка мультимедийных учебников: эффективность и «подводные камни»;Э. Д. Шахов;https://www.litres.ru/book/a-i-nadeev/razrabotka-multimediynyh-uchebnikov-effektivnost-i-podvodnye-ka-5531664/;[]
0.0;0;0;2006;0;6 стр.;96.0;Методология моделирования многоуровневых систем: иерархия и динамика;А. Ф. Шориков;https://www.litres.ru/book/a-f-shorikov/metodologiya-modelirovaniya-mnogourovnevyh-sistem-ierarhiya-i-5533977/;[]
0.0;0;0;2006;0;5 стр.;96.0;Современная IT-индустрия и язык XML в программных продуктах Intersoft Lab;А. В. Кудинов;https://www.litres.ru/book/a-v-kudinov/sovremennaya-it-industriya-i-yazyk-xml-v-programmnyh-produktah-5530415/;[]
0.0;0;0;2007;0;7 стр.;96.0;Программирование ПРОТИВ проектирования;И. А. Семёнов;https://www.litres.ru/book/a-v-ledenev/programmirovanie-protiv-proektirovaniya-5316258/;[]
0.0;0;0;2008;0;29 стр.;96.0;Постановка задач имитационного моделирования тактических защитных конкурентных действий;Ю. Б. Рубин;https://www.litres.ru/book/u-rubin/postanovka-zadach-imitacionnogo-modelirovaniya-takticheskih-zaschi-5025686/;[]
0.0;0;0;2008;0;3 стр.;96.0;Возможность защиты передаваемой цифровой информации с использованием вейвлет-преобразования;Р. Р. Шарипов;https://www.litres.ru/book/v-p-zayarnyy/vozmozhnost-zaschity-peredavaemoy-cifrovoy-informacii-s-ispol-5025419/;[]
0.0;0;0;2008;0;12 стр.;168.0;Моделирование оценки стоимости виртуальных предприятий;В. Н. Бугорский;https://www.litres.ru/book/v-n-bugorskiy/modelirovanie-ocenki-stoimosti-virtualnyh-predpriyatiy-5025699/;[]
0.0;0;0;2008;0;7 стр.;96.0;Некоторые вопросы обучения иностранному языку в неязыковых вузах;В. В. Артюхин;https://www.litres.ru/book/v-v-artuhin/nekotorye-voprosy-obucheniya-inostrannomu-yazyku-v-neyazykovyh-5025678/;[]
0.0;0;0;2008;0;15 стр.;96.0;Моделирование социально-профессиональной конкурентоспособности специалиста с применением информационных технологий;А. В. Морозова;https://www.litres.ru/book/a-v-morozova/modelirovanie-socialno-professionalnoy-konkurentosposobnosti-5019880/;[]
0.0;0;0;2008;0;11 стр.;96.0;Имитационное моделирование развития и тушения пожаров в системе подготовки специалистов противопожарной службы;С. В. Субачев;https://www.litres.ru/book/a-a-subacheva/imitacionnoe-modelirovanie-razvitiya-i-tusheniya-pozharov-v-5019871/;[]
0.0;0;0;2008;0;10 стр.;96.0;Пакет средств информационно-программной поддержки раннего выявления риска развития ретинопатии у недоношенных детей;Ю. В. Марчук;https://www.litres.ru/book/m-a-kozhevnikov/paket-sredstv-informacionno-programmnoy-podderzhki-rannego-5019850/;[]
0.0;0;0;2008;0;14 стр.;96.0;Модель управления затратами на повышение квалификации преподавателей университета;Е. А. Власова;https://www.litres.ru/book/e-a-vlasova/model-upravleniya-zatratami-na-povyshenie-kvalifikacii-prepoda-5019783/;[]
0.0;0;0;2008;0;11 стр.;96.0;Вычисление семантической составляющей текстовой информации в экономических информационных системах;И. С. Лебедев;https://www.litres.ru/book/i-s-lebedev/vychislenie-semanticheskoy-sostavlyauschey-tekstovoy-informaci-5019774/;[]
0.0;0;0;2009;0;19 стр.;96.0;Использование семантических подходов в экономических моделях;И. И. Попов;https://www.litres.ru/book/i-i-popov/ispolzovanie-semanticheskih-podhodov-v-ekonomicheskih-modelyah-5019253/;[]
0.0;0;0;2009;0;13 стр.;96.0;Модели управления финансовыми и производственными ресурсами предприятия;М. В. Андреева;https://www.litres.ru/book/m-andreeva/modeli-upravleniya-finansovymi-i-proizvodstvennymi-resursami-pr-5019016/;[]
0.0;0;0;2009;0;9 стр.;96.0;Стохастические сетевые модели массового обслуживания;А. А. Емельянов;https://www.litres.ru/book/a-a-emelyanov/stohasticheskie-setevye-modeli-massovogo-obsluzhivaniya-5008113/;[]
0.0;0;0;2009;0;6 стр.;96.0;Реализация параллельного выполнения алгоритма FCM-кластеризации;А. А. Островский;https://www.litres.ru/book/a-a-ostrovskiy/realizaciya-parallelnogo-vypolneniya-algoritma-fcm-klasteri-5018019/;[]
1.0;1;0;2009;1;5 стр.;96.0;Биоалгоритмы как основа автоматизации составления психологического портрета личности по почерку;Г. В. Лапинская;https://www.litres.ru/book/g-v-lapinskaya/bioalgoritmy-kak-osnova-avtomatizacii-sostavleniya-psiholog-5018022/;['Фрагмент непонятно чего. Описание точности графологии, потом набор символов на 1 листок без расшифровки + реклама чего-то непонятного без ссылок. Общий объем – 3 листа и список литературы, бред полный.']
0.0;0;0;2009;0;5 стр.;96.0;Принципы равномерности в задачах управления потоками пассажирского транспорта;А. И. Сеславин;https://www.litres.ru/book/a-i-seslavin/principy-ravnomernosti-v-zadachah-upravleniya-potokami-passaz-5018023/;[]
0.0;0;0;2010;0;5 стр.;96.0;Определение оптимального средневзвешенного размера комиссионного вознаграждения при страховании рисков объектов АПК;О. В. Носова;https://www.litres.ru/book/v-i-karpov/opredelenie-optimalnogo-srednevzveshennogo-razmera-komissionnog-5005473/;[]
0.0;0;0;2010;0;7 стр.;96.0;Оптимизация заключения договоров и поиск оптимальных правил остановки;В. Е. Лихтенштейн;https://www.litres.ru/book/v-e-lihtenshteyn/optimizaciya-zaklucheniya-dogovorov-i-poisk-optimalnyh-pr-5005475/;[]
0.0;0;0;2009;0;5 стр.;96.0;Методы адаптивного формирования информационных систем анализа состояния сложных технических объектов;В. И. Батищев;https://www.litres.ru/book/v-i-batischev/metody-adaptivnogo-formirovaniya-informacionnyh-sistem-anali-5005501/;[]
0.0;0;0;2009;0;9 стр.;96.0;Разработка СППР на основе управления стоимостью предприятия в условиях неопределенности;И. Я. Гольфанд;https://www.litres.ru/book/i-ya-golfand/razrabotka-sppr-na-osnove-upravleniya-stoimostu-predpriyatiya-5008116/;[]
0.0;0;0;2009;0;10 стр.;96.0;Графические образы-модели в информационных технологиях;А. В. Толок;https://www.litres.ru/book/a-v-tolok/graficheskie-obrazy-modeli-v-informacionnyh-tehnologiyah-5011092/;[]
0.0;0;0;2009;0;11 стр.;96.0;Распознавание простых линий на изображении;А. И. Сорокин;https://www.litres.ru/book/a-i-sorokin/raspoznavanie-prostyh-liniy-na-izobrazhenii-5009775/;[]
0.0;0;0;2009;0;4 стр.;96.0;Разработка комплексной системы прогнозирования простоя банкоматов и устройств самообслуживания;В. В. Андреев;https://www.litres.ru/book/a-a-fokin/razrabotka-kompleksnoy-sistemy-prognozirovaniya-prostoya-bankoma-5009024/;[]
0.0;0;0;2009;0;8 стр.;96.0;Прикладная методика оценки ресурсоемкости разработки АРМ;А. Л. Баденко;https://www.litres.ru/book/a-l-badenko/prikladnaya-metodika-ocenki-resursoemkosti-razrabotki-arm-5008134/;[]
0.0;0;0;2013;0;13 стр.;96.0;Концепция и возможности акторно-ориентированной системы имитационного моделирования «Actor Pilgrim». Часть II;А. А. Емельянов;https://www.litres.ru/book/a-a-emelyanov/koncepciya-i-vozmozhnosti-aktorno-orientirovannoy-sistemy-im-5000798/;[]
0.0;0;0;2010;0;11 стр.;96.0;Архитектура системы для разработки технологий организации сложной совместной деятельности;С. М. Абрамов;https://www.litres.ru/book/a-v-kotomin/arhitektura-sistemy-dlya-razrabotki-tehnologiy-organizacii-slo-5005445/;[]
0.0;0;0;2010;0;7 стр.;96.0;Обнаружение устойчивых изменений наблюдаемой сцены при пространственно-временном анализе видеопоследовательности;И. Б. Кондратенков;https://www.litres.ru/book/i-b-kondratenkov/obnaruzhenie-ustoychivyh-izmeneniy-nabludaemoy-sceny-pri-5005434/;[]
0.0;0;0;2010;0;15 стр.;96.0;Проектирование систем инициативного информационного обслуживания процессов принятия решений на основе системно-целевого и процессно-ориентированного подходов;Г. С. Тибилова;https://www.litres.ru/book/g-s-tibilova/proektirovanie-sistem-iniciativnogo-informacionnogo-obsluzhiv-5005376/;[]
0.0;0;0;2010;0;16 стр.;96.0;Модель каркаса программных компонентов поддержки занятий лингвистической направленности в игровой форме;С. В. Гусс;https://www.litres.ru/book/s-v-guss/model-karkasa-programmnyh-komponentov-podderzhki-zanyatiy-lingvis-5005313/;[]
0.0;0;0;2010;0;5 стр.;96.0;Оптимизация кинематических параметров рычажных четырёхзвенных механизмов;Б. Н. Поляков;https://www.litres.ru/book/b-n-polyakov/optimizaciya-kinematicheskih-parametrov-rychazhnyh-chetyrehzv-5004340/;[]
0.0;0;0;2010;0;21 стр.;96.0;Метод логико-вычислительной обработки данных химической и нефтехимической промышленности России на основе продукций и миварной сети правил для управления инновационными ресурсами;Р. А. Санду;https://www.litres.ru/book/r-a-sandu/metod-logiko-vychislitelnoy-obrabotki-dannyh-himicheskoy-i-nefte-5005307/;[]
0.0;0;0;2010;0;14 стр.;96.0;Об адекватности систем имитационного моделирования GPSS World и AnyLogic (начало);В. Д. Боев;https://www.litres.ru/book/vasiliy-boev/ob-adekvatnosti-sistem-imitacionnogo-modelirovaniya-gpss-worl-4997354/;[]
0.0;0;0;2010;0;15 стр.;96.0;Инструменты исследования текстовых коллекций на основе теоретико-графовых моделей в информационной системе «Фольклор»;Н. Д. Москин;https://www.litres.ru/book/n-d-moskin/instrumenty-issledovaniya-tekstovyh-kollekciy-na-osnove-teoreti-5003634/;[]
0.0;0;0;2013;0;10 стр.;96.0;Программный способ вычисления топологий и исследования их свойств;И. А. Шилин;https://www.litres.ru/book/v-v-kitukov/programmnyy-sposob-vychisleniya-topologiy-i-issledovaniya-ih-s-5000744/;[]
0.0;0;0;2013;0;7 стр.;96.0;Построение иерархических тематических моделей коллекции документов;С. В. Цыганова;https://www.litres.ru/book/v-v-strizhov/postroenie-ierarhicheskih-tematicheskih-modeley-kollekcii-dok-5000758/;[]
0.0;0;0;2013;0;11 стр.;96.0;Численно-аналитическое исследование модели экономического роста Лукаса;Ю. А. Кузнецов;https://www.litres.ru/book/o-v-michasova/chislenno-analiticheskoe-issledovanie-modeli-ekonomicheskogo-5000752/;[]
0.0;0;0;2013;0;14 стр.;96.0;Метод позиционирования агентов при картировании закрытых помещений;В. В. Аюев;https://www.litres.ru/book/v-v-auev/metod-pozicionirovaniya-agentov-pri-kartirovanii-zakrytyh-pomesch-5000768/;[]
0.0;0;0;2013;0;8 стр.;96.0;Особенности распознавания методом ближайшего элемента в алгоритмах вычисления оценок;В. Г. Прокошев;https://www.litres.ru/book/a-s-golubev/osobennosti-raspoznavaniya-metodom-blizhayshego-elementa-v-alg-5000771/;[]
0.0;0;0;2013;0;11 стр.;96.0;Моделирование 3D-объектов и сцен на основе использования тетроидной регулярной сетевой модели;А. А. Дерягин;https://www.litres.ru/book/a-a-deryagin/modelirovanie-3d-obektov-i-scen-na-osnove-ispolzovaniya-tetro-5000777/;[]
4.0;1;0;2013;0;11 стр.;96.0;Маршруты с локальными ограничениями: алгоритмы и программная реализация;Т. А. Панюкова;https://www.litres.ru/book/i-o-alferov/marshruty-s-lokalnymi-ogranicheniyami-algoritmy-i-programmnaya-5000782/;[]
0.0;0;0;2013;0;9 стр.;96.0;Оценивание ускорения вычислений в распределённых системах;С. Е. Дробнов;https://www.litres.ru/book/s-e-drobnov/ocenivanie-uskoreniya-vychisleniy-v-raspredelennyh-sistemah-5000788/;[]
0.0;0;0;2013;0;6 стр.;96.0;Трёхуровневая нечеткая когнитивная модель для анализа процессов инновационного развития региона;М. И. Дли;https://www.litres.ru/book/m-i-dli/trehurovnevaya-nechetkaya-kognitivnaya-model-dlya-analiza-processo-5000804/;[]
0.0;0;0;2010;0;8 стр.;96.0;Применение N-ориентированных гиперграфов и реляционных баз данных для структурного и параметрического синтеза технических систем;В. Г. Мокрозуб;https://www.litres.ru/book/a-a-ilyasov/primenenie-n-orientirovannyh-gipergrafov-i-relyacionnyh-baz-da-5002513/;[]
0.0;0;0;2010;0;3 стр.;96.0;Модификация алгоритма SSIM;Д. В. Сидоров;https://www.litres.ru/book/d-v-sidorov/modifikaciya-algoritma-ssim-5002504/;[]
0.0;0;0;2010;0;8 стр.;96.0;Web-представительство регионального музея;М. В. Румянцев;https://www.litres.ru/book/a-s-genvald/web-predstavitelstvo-regionalnogo-muzeya-5000519/;[]
5.0;1;0;2010;0;7 стр.;96.0;R-функции как аппарат в приложениях фрактальной геометрии;А. В. Толок;https://www.litres.ru/book/a-v-tolok/r-funkcii-kak-apparat-v-prilozheniyah-fraktalnoy-geometrii-4998253/;[]
0.0;0;0;2010;0;13 стр.;96.0;Восстановление управляющих конструкций обработки исключений языка Си++;Е. О. Деревенец;https://www.litres.ru/book/a-v-chernov/vosstanovlenie-upravlyauschih-konstrukciy-obrabotki-isklucheni-4997365/;[]
0.0;0;0;2010;0;7 стр.;96.0;Подходы к прогнозированию трафика в беспроводных mesh-сетях;Е. Л. Калишенко;https://www.litres.ru/book/e-l-kalishenko/podhody-k-prognozirovaniu-trafika-v-besprovodnyh-mesh-setya-4997359/;[]
0.0;0;0;2010;0;7 стр.;96.0;Визуализация связей выделенного множества объектов семантической сети;А. П. Лахно;https://www.litres.ru/book/a-m-chepovskiy/vizualizaciya-svyazey-vydelennogo-mnozhestva-obektov-semant-4997363/;[]
0.0;0;0;2011;0;10 стр.;96.0;Параллельное программирование среди других парадигм программирования;Н. В. Шилов;https://www.litres.ru/book/a-g-marchuk/parallelnoe-programmirovanie-sredi-drugih-paradigm-programmiro-4994483/;[]
0.0;0;0;2011;0;7 стр.;96.0;Исследование применимости моделей оценки надежности для разработки программного обеспечения с открытым исходным кодом;Д. Ю. Волканов;https://www.litres.ru/book/d-a-zorin/issledovanie-primenimosti-modeley-ocenki-nadezhnosti-dlya-razrab-4994470/;[]
0.0;0;0;2010;0;10 стр.;96.0;Транспортная модель, аппроксимирующая предпочтения ЛПР;В. Я. Вилисов;https://www.litres.ru/book/v-ya-vilisov/transportnaya-model-approksimiruuschaya-predpochteniya-lpr-4997257/;[]
0.0;0;0;2011;0;20 стр.;96.0;Лаг-генераторы для моделирования рисковых ситуаций в системе Actor Pilgrim;А. А. Емельянов;https://www.litres.ru/book/a-a-emelyanov/lag-generatory-dlya-modelirovaniya-riskovyh-situaciy-v-siste-4990747/;[]
0.0;0;0;2011;0;14 стр.;96.0;Концепция информационной системы «Актуализация историко-культурного наследия»;М. В. Румянцев;https://www.litres.ru/book/a-v-usachev/koncepciya-informacionnoy-sistemy-aktualizaciya-istoriko-kultu-4992738/;[]
0.0;0;0;2011;0;12 стр.;96.0;Разработка экспертной системы для решения проблем природопользования;Е. А. Малиновская;https://www.litres.ru/book/e-a-malinovskaya/razrabotka-ekspertnoy-sistemy-dlya-resheniya-problem-prir-4992735/;[]
0.0;0;0;2011;0;8 стр.;96.0;Построение подпространств атрибутов на базе одного эталона для обеспечения устойчивости работы в перспективных системах автоматического распознавания лиц;В. Г. Прокошев;https://www.litres.ru/book/a-s-golubev/postroenie-podprostranstv-atributov-na-baze-odnogo-etalona-dly-4992062/;[]
0.0;0;0;2011;0;10 стр.;96.0;Алгоритмы изменения мнений участников в модели структурированного экспертного обсуждения;Д. А. Семёнов;https://www.litres.ru/book/d-semenov/algoritmy-izmeneniya-mneniy-uchastnikov-v-modeli-strukturirovann-4991131/;[]
0.0;0;0;2011;0;7 стр.;96.0;Использование современных информационных технологий в обучении программированию студентов вуза;А. Д. Шеметова;https://www.litres.ru/book/a-d-shemetova/ispolzovanie-sovremennyh-informacionnyh-tehnologiy-v-obuchen-4990873/;[]
0.0;0;0;2011;0;5 стр.;96.0;Метод снижения временных затрат на обработку результатов тестирования;В. С. Лаврентьев;https://www.litres.ru/book/v-s-lavrentev/metod-snizheniya-vremennyh-zatrat-na-obrabotku-rezultatov-te-4977174/;[]
0.0;0;0;2011;0;5 стр.;96.0;Статическое обнаружение гонок в коде, содержащем ветвления и циклы;Н. В. Заборовский;https://www.litres.ru/book/a-g-tormasov/staticheskoe-obnaruzhenie-gonok-v-kode-soderzhaschem-vetvleni-4977162/;[]
0.0;0;0;2011;0;8 стр.;96.0;Сравнительный анализ эффективности методов сжатия изображений на основе дискретного косинусного преобразования и фрактального кодирования (продолжение);А. Н. Земцов;https://www.litres.ru/book/a-n-zemcov/sravnitelnyy-analiz-effektivnosti-metodov-szhatiya-izobrazheniy-4990808/;[]
0.0;0;0;2011;0;6 стр.;96.0;Моделирование многопоточного исполнения программы и метод статического анализа кода на предмет состояний гонки;Н. В. Заборовский;https://www.litres.ru/book/a-g-tormasov/modelirovanie-mnogopotochnogo-ispolneniya-programmy-i-metod-s-4990859/;[]
0.0;0;0;2011;0;4 стр.;96.0;Чувашско-русский переводчик: программная реализация;А. П. Димитриев;https://www.litres.ru/book/a-p-dimitriev/chuvashsko-russkiy-perevodchik-programmnaya-realizaciya-4977155/;[]
0.0;0;0;2011;0;15 стр.;96.0;Сравнительный анализ эффективности методов сжатия изображений на основе дискретного косинусного преобразования и фрактального кодирования (начало);А. Н. Земцов;https://www.litres.ru/book/a-n-zemcov/sravnitelnyy-analiz-effektivnosti-metodov-szhatiya-izobrazheniy-4990862/;[]
0.0;0;0;2011;0;8 стр.;96.0;R-функции в компьютерном моделировании дизайна 3D-поверхности автомобиля;А. В. Толок;https://www.litres.ru/book/a-v-tolok/r-funkcii-v-komputernom-modelirovanii-dizayna-3d-poverhnosti-avt-4977030/;[]
0.0;0;0;2011;0;9 стр.;96.0;Ситуационная адаптация пространственных данных для бортовых геоинформационных задач;К. В. Малынкин;https://www.litres.ru/book/i-a-nesterov/situacionnaya-adaptaciya-prostranstvennyh-dannyh-dlya-bortovy-4977027/;[]
0.0;0;0;2012;0;11 стр.;96.0;Моделирование галогенных ламп накаливания;И. И. Байнева;https://www.litres.ru/book/v-v-baynev/modelirovanie-galogennyh-lamp-nakalivaniya-4976898/;[]
0.0;0;0;2012;0;10 стр.;96.0;Обучение программистов: подход на основе парадигмы специалиста;В. В. Артюхин;https://www.litres.ru/book/v-v-artuhin/obuchenie-programmistov-podhod-na-osnove-paradigmy-specialista-4976892/;[]
1.0;2;0;2012;0;6 стр.;168.0;Сравнительный анализ подходов к моделированию бизнес-процессов;Т. Е. Сапожкова;https://www.litres.ru/book/t-e-sapozhkova/sravnitelnyy-analiz-podhodov-k-modelirovaniu-biznes-process-4976882/;[]
0.0;0;0;2012;0;9 стр.;96.0;Графический поиск чертежей в хранилищах данных;А. В. Кучуганов;https://www.litres.ru/book/a-v-kuchuganov/graficheskiy-poisk-chertezhey-v-hranilischah-dannyh-4976801/;[]
0.0;0;0;2012;0;11 стр.;96.0;Методы обобщенного и метапрограммирования в программной реализации декодера алгебро-геометрических кодов;А. М. Пеленицын;https://www.litres.ru/book/a-m-pelenicyn/metody-obobschennogo-i-metaprogrammirovaniya-v-programmnoy-r-4976793/;[]
0.0;0;0;2012;0;9 стр.;96.0;Моделирование рынка программного обеспечения при наличии внешнего сетевого эффекта и компьютерного пиратства;А. А. Салтан;https://www.litres.ru/book/a-a-saltan/modelirovanie-rynka-programmnogo-obespecheniya-pri-nalichii-vne-4976774/;[]
3.0;2;0;2012;0;4 стр.;96.0;Фрактальный анализ поведения быстрых индикаторов экономики России;Ю. В. Трифонов;https://www.litres.ru/book/v-a-sazonov/fraktalnyy-analiz-povedeniya-bystryh-indikatorov-ekonomiki-ros-4971164/;[]
0.0;0;0;2012;0;11 стр.;96.0;Поддержка принятия решений при оценке инвестиционных проектов создания литейных производств;М. В. Зенькович;https://www.litres.ru/book/m-v-zenkovich/podderzhka-prinyatiya-resheniy-pri-ocenke-investicionnyh-pro-4971027/;[]
0.0;0;0;2012;0;14 стр.;96.0;Организация человеко-компьютерного взаимодействия в средах компьютерного моделирования на базе облачной инфраструктуры;С. В. Ковальчук;https://www.litres.ru/book/a-v-buhanovskiy/organizaciya-cheloveko-komputernogo-vzaimodeystviya-v-sred-4971025/;[]
0.0;0;0;2012;0;14 стр.;96.0;Изучение точек разладки триплетной периодичности в нуклеотидных последовательностях генов;Ю. М. Суворова;https://www.litres.ru/book/e-v-korotkov/izuchenie-tochek-razladki-tripletnoy-periodichnosti-v-nukleot-4971022/;[]
0.0;0;0;2012;0;11 стр.;96.0;Модели и методы интерактивного взаимодействия с вычислительными устройствами нового поколения;П. А. Манахов;https://www.litres.ru/book/e-e-kovshov/modeli-i-metody-interaktivnogo-vzaimodeystviya-s-vychislitelny-4971140/;[]
0.0;0;0;2012;0;7 стр.;96.0;Об одном способе анализа структуры многомерного четкого логического регулятора;А. Ф. Антипин;https://www.litres.ru/book/a-f-antipin/ob-odnom-sposobe-analiza-struktury-mnogomernogo-chetkogo-logic-4970916/;[]
0.0;0;0;2012;0;8 стр.;96.0;Метод учета нестационарности в темпорально-логической модели проекта;О. В. Стоянова;https://www.litres.ru/book/a-i-vasicyna/metod-ucheta-nestacionarnosti-v-temporalno-logicheskoy-modeli-4970909/;[]
0.0;0;0;2012;0;6 стр.;96.0;Нечетко-логический алгоритм выбора поставщика в цепи поставок;О. Б. Бутусов;https://www.litres.ru/book/v-p-meshalkin/nechetko-logicheskiy-algoritm-vybora-postavschika-v-cepi-pos-4971030/;[]
5.0;1;0;2012;0;11 стр.;168.0;Применение методов генетического программирования при разработке web-интерфейсов;Е. А. Кольчугина;https://www.litres.ru/book/e-a-kolchugina/primenenie-metodov-geneticheskogo-programmirovaniya-pri-raz-4971021/;[]
0.0;0;0;2012;0;8 стр.;96.0;Использование оценки приближенности к узлам Wi-Fi-сети для доставки гиперлокального контента;Д. Е. Намиот;https://www.litres.ru/book/d-e-namiot/ispolzovanie-ocenki-priblizhennosti-k-uzlam-wi-fi-seti-dlya-dos-4970925/;[]
0.0;0;0;2012;0;9 стр.;96.0;Анализ транспортной модели с аппроксимацией предпочтений ЛПР;В. Я. Вилисов;https://www.litres.ru/book/v-ya-vilisov/analiz-transportnoy-modeli-s-approksimaciey-predpochteniy-lpr-4971146/;[]
5.0;2;0;2012;0;13 стр.;96.0;Оптимальное разбиение общей памяти для двух последовательных циклических FIFO-очередей;Н. В. Каблукова;https://www.litres.ru/book/a-v-sokolov/optimalnoe-razbienie-obschey-pamyati-dlya-dvuh-posledovatelnyh-4970880/;[]
0.0;0;0;2012;0;13 стр.;96.0;Сравнительный анализ модифицированных методов муравьиных колоний;А. И. Павленко;https://www.litres.ru/book/a-i-pavlenko/sravnitelnyy-analiz-modificirovannyh-metodov-muravinyh-koloni-4970879/;[]
5.0;2;0;2023;0;517 стр.;2040.0;Программируем PLC;Е. А. Чернов;https://www.litres.ru/book/evgeniy-chernov/programmiruem-plc-69486544/;[]
3.6;14;0;;2;472 стр.;390.0;SQL и реляционная теория. Как грамотно писать код на SQL;К. Дж. Дейт;https://www.litres.ru/book/k-dzh-deyt/sql-i-relyacionnaya-teoriya-kak-gramotno-pisat-kod-na-sql-24499654/;"['По сути автор рассказывает о логике и алгебре, на которых и построены реляционная модель данных. Это книга не является простой, т.к. она переполнена проф. терминами. ', 'Есть так же подробности для проектировщиков баз данных в приложении B (там, где про 1-6 нормальные формы рассказывается с ортогональностью и прочими сложными фразами :D )', 'Очень много примеров языке на Tutorial D', 'Если вы, как и я решили ее прочитать, чтобы понять на чем базируется SQL, то это то, что надо. В книге есть упражнения, а в конце книги - ответы.', 'Написал книгу Дейт, который был знаком, и тесно общался с основателем реляционной модели данных, Коддом.', 'Я хоть и профан в этом деле, но что-то смог выцепить и для себя, а так же теперь имею какой-никакой базис понимания данной темы!)', 'Интересная книга для тех, кто уже работал с SQL  и хочет узнать глубже, разобраться в том, как примененять  этот язык в реляционном духе и понять, почему это полезно. ', 'Помогает понять какие конструкции SQL-запросов могут привести к нестабильным ответам, в чём опасность NULL-значений и дубликатов, почему не стоит писать код, зависящий от порядка столбцов в таблице, и т.д. и т.п.', 'Очень ценно знакомство с реляционной теорией так сказать ""из первых рук"". Много примеров и упражнений. Это помогает лучше усвоить теорию.']"
4.7;10;0;2011;3;426 стр.;255.0;Разработка Linux-приложений;Денис Колисниченко;https://www.litres.ru/book/denis-kolisnichenko/razrabotka-linux-prilozheniy-5020421/;"['Отличная книга, подходит для новичков! Затронуты важные и актуальные тематики современной разработки приложений. Написана просто и понятно.', 'Отличная книга по настоящему процедурному программированию для разработки компилируемых программ на KR C в ОС Linux. Также даётся описание языка сценариев (скриптов) bash (вот откуда взялся новомодный Python). Для разработки программ с графическим оконным интерфейсом наибольшее распространение получили две технологии: GTK+ и Qt. Если Qt в оконной системе KDE требует использование С++ и является библиотекой классов С++ для реализации оконного интерфейса, то описываемая в этой книге технология виджетов GTK+ показывает, что используя виджеты в оконной системе GNOME, можно вообще обойтись без C++: реализовать ООП парадигму средствами только процедурного языка С в стиле KR C. То есть, GTK+, между делом, показывает, что С++ не нужен – достаточно простого С. И это правильно. Программное обеспечение итак сложное дело и не надо его дополнительно усложнять аппаратом поддержки классов ООП. Всё необходимое для создания графического оконного интерфейса GNOME можно выполнить используя виджеты GTK+ на процедурном языке С. Поэтому и мозги искривлять под ООП не надо. И ошибки при тестировании искать легче. Собственно для разработки приложений под ту или иную ОС надо разобраться в следующих вещах: где и как регистрируются классы окон, как устроено взаимодействие с циклом обработки сигналов (сообщений), как взаимодействовать с файловой системой (read();/wrine(); например и т.п. функции), как взаимодействовать с ЛВС, как организовать многопоточное программирование – как задействовать процессы и потоки в данной ОС, ну и режим OpenGL для 3D представления данных и сцен в режиме виртуальной реальности если графических средств GDI (Graphic Device Inteface) не хватает. Всё это в данной книге есть. Для создания утилит описан язык TCL. Тоже пригодится. Отличная книжка. Никогда не устареет. Покупайте и изучайте.', 'Очень, подробно рассмотренно программирование в оболочке (shell) синтасис и примеры использования, параллельно показываются примеры риализации того же на СИ, системное программирование с файлами, многопоточность, программирование в сети, скриптовый язык TCL вместе с библиотекой Tk (синтаксис и примеры), так же представлена библиотека GTK+ и возможность на писания первый программы. Будет полезна студентам CS.']"
4.3;11;0;2009;1;555 стр.;239.0;Справочник системного администратора по программированию Windows;И. В. Коробко;https://www.litres.ru/book/ivan-korobko/spravochnik-sistemnogo-administratora-po-programmirovaniu-win-6989002/;['Мне, как начинающему системному администратору, эта книга оказалась очень своевременным учебным пособием, поскольку потребности моих коллег учителей постоянно растут, и моих знаний поначалу явно не хватало, а нужно было в кратчайшие сроки устранять неполадки. Конечно, до совершенной работы далеко, но теперь не паникую по поводу самых простых и распространённых нарушений работы. Благодарность автору, администратору с большим стажем. Теперь это моя настольная книга.']
3.8;33;0;2018;4;77 стр.;200.0;Математика на Python. Часть I. Элементы линейной алгебры и аналитической геометрии;И. А. Александрова;https://www.litres.ru/book/anna-sergeevna-hripu/matematika-na-python-chast-i-elementy-lineynoy-algebr-35484747/;['Замечательная книга, которую ждали многие любители программирования. Хотя она написана для студентов вузов, но это тот редкий случай, когда академическое издание вполне подходит тем, кто самостоятельно занимается практикой программирования. Поскольку Питон широко применяется при научных и инженерных расчётах, ценность книги возрастает вдвойне.', 'Это не учебник по Python, так между прочим)) Это книга-шпаргалка как решать в Python задачи по линейной алгебре и аналитической геометрии. Очень искал нечто подобное. Вроде все просто но вот как то тупил, а примеров особо не находил. 200 рублей за 77 страниц многовато, но отдал без сожаления. С другой стороны нет воды, только код и ссылки на книги где можно почитать теорию. Для меня просто шоколад. А сладкое стоит дороже)))', 'Нормально написано. Язык программирования актуальный. Пригодится тем, кто начинает программировать на этом языке, как алгоритмы для вычислительных задач.', 'Книга хоть и написана простым языком, но очень много опечаток. ', 'В остальном ок, хорошо что много примеров, это помогает разобраться.']
2.5;2;0;2009;1;374 стр.;300.0;Быстрое программирование на С++;Г. А. Тяпичев;https://www.litres.ru/book/gennadiy-tyapichev/bystroe-programmirovanie-na-s-8337215/;['Очень ценная книга! Материал так разумно расположен, что изучить С++, а главное, применить эти знания на практике, можно будет в кратчайшие сроки! Ведь именно недостаток времени является одним из тех факторов, которые нам мешают в успешном освоении материала. Простота и доступность изложения, актуальность делают материал этой книги одинаково полезным и школьникам, и учителям, и начинающим программистам, и опытным разработчикам.']
0.0;0;0;2007;0;17 стр.;168.0;UML: поддержка проектирования и инструментальные среды;Н. С. Макаров;https://www.litres.ru/book/n-s-makarov/uml-podderzhka-proektirovaniya-i-instrumentalnye-sredy-5316349/;[]
5.0;1;0;2021;0;8 стр.;168.0;Методы создания автоматизированных средств обучения программированию;О. В. Ратанова;https://www.litres.ru/book/o-v-ratanova/metody-sozdaniya-avtomatizirovannyh-sredstv-obucheniya-progra-64310917/;[]
